-- MySQL dump 10.13  Distrib 8.0.20, for Linux (x86_64)
--
-- Host: localhost    Database: laboratory
-- ------------------------------------------------------
-- Server version	8.0.20-0ubuntu0.20.04.1

/*!40101 SET @OLD_CHARACTER_SET_CLIENT=@@CHARACTER_SET_CLIENT */;
/*!40101 SET @OLD_CHARACTER_SET_RESULTS=@@CHARACTER_SET_RESULTS */;
/*!40101 SET @OLD_COLLATION_CONNECTION=@@COLLATION_CONNECTION */;
/*!50503 SET NAMES utf8mb4 */;
/*!40103 SET @OLD_TIME_ZONE=@@TIME_ZONE */;
/*!40103 SET TIME_ZONE='+00:00' */;
/*!40014 SET @OLD_UNIQUE_CHECKS=@@UNIQUE_CHECKS, UNIQUE_CHECKS=0 */;
/*!40014 SET @OLD_FOREIGN_KEY_CHECKS=@@FOREIGN_KEY_CHECKS, FOREIGN_KEY_CHECKS=0 */;
/*!40101 SET @OLD_SQL_MODE=@@SQL_MODE, SQL_MODE='NO_AUTO_VALUE_ON_ZERO' */;
/*!40111 SET @OLD_SQL_NOTES=@@SQL_NOTES, SQL_NOTES=0 */;

--
-- Table structure for table `exam`
--

DROP TABLE IF EXISTS `exam`;
/*!40101 SET @saved_cs_client     = @@character_set_client */;
/*!50503 SET character_set_client = utf8mb4 */;
CREATE TABLE `exam` (
  `id` int NOT NULL AUTO_INCREMENT,
  `id_patient` int NOT NULL,
  `date_recieved` timestamp NULL DEFAULT NULL,
  `date_released` timestamp NULL DEFAULT NULL,
  `age` decimal(6,2) NOT NULL,
  `doctor` varchar(200) CHARACTER SET utf8 COLLATE utf8_bin DEFAULT NULL,
  `state` varchar(50) CHARACTER SET utf8 COLLATE utf8_bin DEFAULT NULL,
  `detail` varchar(200) CHARACTER SET utf8 COLLATE utf8_bin DEFAULT NULL,
  `total_price` decimal(10,2) DEFAULT NULL,
  `discount` float DEFAULT NULL,
  `id_fund` int NOT NULL,
  PRIMARY KEY (`id`)
) ENGINE=InnoDB DEFAULT CHARSET=utf8 COLLATE=utf8_bin;
/*!40101 SET character_set_client = @saved_cs_client */;

--
-- Dumping data for table `exam`
--

LOCK TABLES `exam` WRITE;
/*!40000 ALTER TABLE `exam` DISABLE KEYS */;
/*!40000 ALTER TABLE `exam` ENABLE KEYS */;
UNLOCK TABLES;

--
-- Table structure for table `exam_tests`
--

DROP TABLE IF EXISTS `exam_tests`;
/*!40101 SET @saved_cs_client     = @@character_set_client */;
/*!50503 SET character_set_client = utf8mb4 */;
CREATE TABLE `exam_tests` (
  `id` int NOT NULL AUTO_INCREMENT,
  `id_exam` int NOT NULL,
  `id_test` int NOT NULL,
  `result` varchar(200) CHARACTER SET utf8 COLLATE utf8_bin DEFAULT NULL,
  `detail` varchar(200) CHARACTER SET utf8 COLLATE utf8_bin DEFAULT NULL,
  `checker` varchar(100) CHARACTER SET utf8 COLLATE utf8_bin DEFAULT NULL,
  PRIMARY KEY (`id`)
) ENGINE=InnoDB DEFAULT CHARSET=utf8 COLLATE=utf8_bin;
/*!40101 SET character_set_client = @saved_cs_client */;

--
-- Dumping data for table `exam_tests`
--

LOCK TABLES `exam_tests` WRITE;
/*!40000 ALTER TABLE `exam_tests` DISABLE KEYS */;
/*!40000 ALTER TABLE `exam_tests` ENABLE KEYS */;
UNLOCK TABLES;

--
-- Table structure for table `fund`
--

DROP TABLE IF EXISTS `fund`;
/*!40101 SET @saved_cs_client     = @@character_set_client */;
/*!50503 SET character_set_client = utf8mb4 */;
CREATE TABLE `fund` (
  `id` int NOT NULL AUTO_INCREMENT,
  `id_user` int DEFAULT NULL,
  `id_exam` int DEFAULT NULL,
  `dollar` decimal(10,2) DEFAULT NULL,
  `dinar` decimal(15,0) DEFAULT NULL,
  `box_dollar` decimal(10,2) DEFAULT NULL,
  `box_dinar` decimal(15,0) DEFAULT NULL,
  `detail` varchar(200) CHARACTER SET utf8 COLLATE utf8_bin DEFAULT NULL,
  `type` varchar(100) CHARACTER SET utf8 COLLATE utf8_bin DEFAULT NULL,
  `date` datetime DEFAULT NULL,
  PRIMARY KEY (`id`)
) ENGINE=InnoDB DEFAULT CHARSET=utf8 COLLATE=utf8_bin;
/*!40101 SET character_set_client = @saved_cs_client */;

--
-- Dumping data for table `fund`
--

LOCK TABLES `fund` WRITE;
/*!40000 ALTER TABLE `fund` DISABLE KEYS */;
/*!40000 ALTER TABLE `fund` ENABLE KEYS */;
UNLOCK TABLES;

--
-- Table structure for table `normal_range`
--

DROP TABLE IF EXISTS `normal_range`;
/*!40101 SET @saved_cs_client     = @@character_set_client */;
/*!50503 SET character_set_client = utf8mb4 */;
CREATE TABLE `normal_range` (
  `id` int NOT NULL AUTO_INCREMENT,
  `min_age` float DEFAULT NULL,
  `max_age` float DEFAULT NULL,
  `gender` varchar(50) CHARACTER SET utf8 COLLATE utf8_bin DEFAULT NULL,
  `id_test` int NOT NULL,
  `detail` varchar(200) CHARACTER SET utf8 COLLATE utf8_bin DEFAULT NULL,
  `in_print` varchar(200) CHARACTER SET utf8 COLLATE utf8_bin DEFAULT NULL,
  `date` datetime DEFAULT NULL,
  `min` float DEFAULT NULL,
  `max` float DEFAULT NULL,
  PRIMARY KEY (`id`)
) ENGINE=InnoDB AUTO_INCREMENT=221 DEFAULT CHARSET=utf8 COLLATE=utf8_bin;
/*!40101 SET character_set_client = @saved_cs_client */;

--
-- Dumping data for table `normal_range`
--

LOCK TABLES `normal_range` WRITE;
/*!40000 ALTER TABLE `normal_range` DISABLE KEYS */;
INSERT INTO `normal_range` VALUES (1,15,30,'male',1,'good detail',NULL,'2014-05-27 11:17:07',NULL,NULL),(2,2,33,'male',1,'33','44','2014-05-27 11:17:15',NULL,NULL),(3,11,33,'male',0,'','','2014-05-27 11:37:29',NULL,NULL),(5,13,22,'both',5,'','25 Uml/L','2014-05-27 11:47:48',NULL,NULL),(6,12,36,'male',5,'12','','2014-05-30 12:46:14',NULL,NULL),(7,0.1,10,'male',9,'','','2014-06-05 16:43:28',110,230),(8,21,32,'female',9,'','','2014-06-05 18:34:14',352,482),(9,11,20,'both',9,'','','2014-06-05 18:50:01',140,265),(11,60,70,'male',9,'','','2014-06-05 19:01:33',430,960),(12,0,100,'male',10,'',NULL,'2014-06-05 19:09:48',25,125),(13,0,100,'female',10,'',NULL,'2014-06-05 19:10:27',35,135),(14,0,100,'both',15,'',NULL,'2014-06-05 19:15:47',0,10),(15,0,100,'both',14,'',NULL,'2014-06-05 19:16:17',0,20),(16,0,100,'both',13,'',NULL,'2014-06-05 19:16:43',0,12),(17,0,100,'both',12,'',NULL,'2014-06-05 19:17:11',0,10),(18,0,100,'both',11,'',NULL,'2014-06-05 19:17:35',0,1),(19,0,100,'both',16,'',NULL,'2014-06-05 19:20:08',0,10),(20,0,100,'both',17,'',NULL,'2014-06-05 19:20:47',0,10),(21,0,100,'both',18,'',NULL,'2014-06-05 19:21:55',0.92,2.33),(22,0,100,'female',19,'',NULL,'2014-06-05 19:23:08',5,35),(23,0,100,'male',19,'',NULL,'2014-06-05 19:23:18',3,25),(24,0,100,'female',20,'',NULL,'2014-06-05 19:24:37',0.1,0.9),(25,0,100,'male',20,'',NULL,'2014-06-05 19:24:47',3,10.6),(26,0,100,'both',21,'',NULL,'2014-06-05 19:25:52',10,10000),(27,3,8,'both',22,'',NULL,'2014-06-05 19:27:09',20,250),(28,11,16,'both',22,'',NULL,'2014-06-05 19:27:36',130,600),(29,17,100,'both',22,'',NULL,'2014-06-05 19:27:56',150,350),(30,0,100,'both',23,'',NULL,'2014-06-15 13:18:33',0,200),(31,0,100,'both',24,'',NULL,'2014-06-15 13:18:58',80,160),(32,0.4,1,'both',25,'',NULL,'2014-06-16 10:09:26',10,20),(33,1.01,2,'both',25,'',NULL,'2014-06-16 10:11:02',11,18),(34,14,150,'both',27,'',NULL,'2014-06-16 11:41:26',1.3,3.1),(35,14,100,'both',28,'',NULL,'2014-06-16 11:42:32',66,181),(36,14,100,'both',29,'',NULL,'2014-06-16 11:46:09',0.27,4.2),(38,0,4,'both',33,'',NULL,'2014-07-03 11:24:14',2.8,4.4),(39,4.1,14,'both',33,'',NULL,'2014-07-03 11:24:48',3.8,5.4),(40,14.1,18,'both',33,'',NULL,'2014-07-03 11:25:21',3.2,4.5),(41,18.1,100,'both',33,'',NULL,'2014-07-03 11:25:49',3.4,4.8),(42,18,100,'male',35,'',NULL,'2014-07-03 11:33:23',40,129),(43,18,100,'female',35,'',NULL,'2014-07-03 11:33:44',35,104),(44,0.5,1,'both',35,'',NULL,'2014-07-03 11:34:40',0,462),(45,1.01,3.9,'both',35,'',NULL,'2014-07-03 11:36:08',0,281),(46,4,6.9,'both',35,'',NULL,'2014-07-03 11:36:34',0,269),(47,7,12.9,'both',35,'',NULL,'2014-07-03 11:37:00',0,300),(48,13,17,'male',35,'',NULL,'2014-07-03 11:38:01',0,390),(49,13,17,'female',35,'',NULL,'2014-07-03 11:38:31',0,187),(50,1,100,'male',36,'',NULL,'2014-07-03 11:49:09',27.2,102),(51,1,100,'female',36,'',NULL,'2014-07-03 11:49:26',18.7,86.9),(52,0,4.99,'both',41,'',NULL,'2014-07-03 12:06:13',8.4,10.4),(53,5,20,'both',41,'',NULL,'2014-07-03 12:06:33',9.2,11),(54,20.1,50.99,'both',41,'',NULL,'2014-07-03 12:06:56',8.8,10.2),(55,51,2500,'both',41,'',NULL,'2014-07-03 12:07:17',8.4,9.7),(56,1,100,'male',43,'',NULL,'2014-07-04 13:52:56',39,308),(57,1,100,'female',43,'',NULL,'2014-07-04 13:53:17',26,192),(58,16,100,'male',45,'',NULL,'2014-07-04 14:16:46',0.67,1.17),(59,16,100,'female',45,'',NULL,'2014-07-04 14:17:06',0.5,0.95),(60,0.15,1,'both',45,'',NULL,'2014-07-04 14:18:19',0.16,0.39),(61,1.01,2.9,'both',45,'',NULL,'2014-07-04 14:18:58',0.18,0.35),(62,3,4.9,'both',45,'',NULL,'2014-07-04 14:19:32',0.26,0.42),(63,5,6.9,'both',45,'',NULL,'2014-07-04 14:20:08',0.29,0.47),(64,7,8.9,'both',45,'',NULL,'2014-07-04 14:20:35',0.34,0.53),(65,9,10.9,'both',45,'',NULL,'2014-07-04 14:21:11',0.33,0.64),(66,11,12.9,'both',45,'',NULL,'2014-07-04 14:21:39',0.44,0.68),(67,13,15,'both',45,'',NULL,'2014-07-04 14:22:06',0.46,0.77),(68,18,59,'both',46,'',NULL,'2014-07-04 14:24:07',70,115),(69,60,90,'both',46,'',NULL,'2014-07-04 14:24:31',82,115),(70,91,120,'both',46,'',NULL,'2014-07-04 14:24:52',75,121),(71,1,17,'both',46,'',NULL,'2014-07-04 14:25:34',60,100),(72,1,100,'male',47,'',NULL,'2014-07-04 14:28:05',2,30),(73,1,100,'female',47,'',NULL,'2014-07-04 14:28:20',1,24),(74,0.2,100,'male',50,'',NULL,'2014-07-04 14:37:09',59,158),(75,0.2,100,'female',50,'',NULL,'2014-07-04 14:37:34',37,145),(79,0.6,1,'both',56,'',NULL,'2014-07-04 14:49:26',5.1,7.3),(80,1.01,2,'both',56,'',NULL,'2014-07-04 14:49:55',5.6,7.5),(81,3,18,'both',56,'',NULL,'2014-07-04 14:50:25',6,8),(82,0.2,64.9,'both',58,'',NULL,'2014-07-04 14:54:47',13,50),(83,65,120,'both',58,'',NULL,'2014-07-04 14:55:07',13,71),(84,18,60,'both',59,'',NULL,'2014-07-04 14:56:07',6,20),(85,60.1,90,'both',59,'',NULL,'2014-07-04 14:56:30',8,23),(86,1,17,'both',59,'',NULL,'2014-07-04 14:56:56',5,18),(87,0.1,0.9,'both',59,'',NULL,'2014-07-04 14:57:55',4,19),(88,1,100,'male',60,'',NULL,'2014-07-04 14:58:57',3.4,7),(89,1,100,'female',60,'',NULL,'2014-07-04 14:59:16',2.4,5.7),(90,1,100,'male',68,'',NULL,'2014-07-04 15:10:44',10,50),(91,1,100,'female',68,'',NULL,'2014-07-04 15:10:57',10,35),(92,1,100,'male',69,'',NULL,'2014-07-04 15:12:11',10,50),(93,1,100,'female',69,'',NULL,'2014-07-04 15:12:26',10,35),(94,1,100,'male',71,'',NULL,'2014-07-04 15:14:24',70,145),(95,1,100,'female',71,'',NULL,'2014-07-04 15:14:40',80,155),(96,1,100,'male',75,'',NULL,'2014-07-08 17:32:41',0,15),(97,1,100,'female',75,'',NULL,'2014-07-08 17:32:52',0,20),(100,0.1,2500,'both',175,'',NULL,'2014-08-05 14:18:23',0.27,4.2),(101,13,150,'both',174,'',NULL,'2014-08-05 14:18:55',66,181),(102,0.1,2500,'both',173,'',NULL,'2014-08-05 14:19:16',1.2,3.1),(103,13,100,'both',176,'',NULL,'2014-08-05 14:19:38',4,8.3),(104,13,100,'both',177,'',NULL,'2014-08-05 14:20:10',8,22),(105,1,100,'both',121,'',NULL,'2014-08-06 16:34:28',0,5),(106,1,100,'both',119,'',NULL,'2014-08-06 16:35:18',0,33),(107,1,100,'both',117,'',NULL,'2014-08-06 16:36:37',0,35),(109,1,100,'both',114,'',NULL,'2014-08-06 16:37:39',0,5),(110,0.2,65,'both',185,'',NULL,'2014-08-13 17:58:31',13,50),(111,65.1,100,'both',185,'',NULL,'2014-08-13 17:58:53',13,71),(112,18,60,'both',186,'',NULL,'2014-08-13 17:59:56',6,20),(113,60.1,90,'both',186,'',NULL,'2014-08-13 18:00:14',8,23),(114,16,100,'male',187,'',NULL,'2014-08-13 18:01:46',0.7,1.2),(115,16,100,'female',187,'',NULL,'2014-08-13 18:02:02',0.5,0.95),(116,1,100,'both',190,'',NULL,'2014-08-16 13:30:49',0,1),(117,1,150,'both',191,'',NULL,'2014-08-16 13:32:53',0,0.4),(118,1,2,'both',192,'',NULL,'2014-08-16 13:34:53',5.6,7.5),(119,3,17,'both',192,'',NULL,'2014-08-16 13:35:17',6,8),(120,18,100,'both',192,'',NULL,'2014-08-16 13:35:37',6.6,8.7),(121,0,14,'male',193,'',NULL,'2014-08-16 13:37:16',3.8,5.4),(122,14.1,18,'both',193,'',NULL,'2014-08-16 13:37:42',3.2,5.2),(123,18.1,100,'both',193,'',NULL,'2014-08-16 13:38:02',3.4,5.2),(124,18,100,'male',194,'',NULL,'2014-08-16 13:39:51',40,129),(125,18,100,'female',194,'',NULL,'2014-08-16 13:40:07',35,104),(126,13,17,'male',194,'',NULL,'2014-08-16 13:40:49',0,390),(127,13,17,'female',194,'',NULL,'2014-08-16 13:41:03',0,187),(128,7,12,'both',194,'',NULL,'2014-08-16 13:41:20',0,300),(129,4,6,'both',194,'',NULL,'2014-08-16 13:41:41',0,269),(130,1,3,'both',194,'',NULL,'2014-08-16 13:42:02',0,281),(131,18,100,'male',195,'',NULL,'2014-08-16 13:44:19',10,50),(132,18,100,'female',195,'',NULL,'2014-08-16 13:44:36',10,35),(133,18,100,'male',196,'',NULL,'2014-08-16 13:47:17',10,50),(134,18,100,'female',196,'',NULL,'2014-08-16 13:47:31',10,35),(135,0.1,3000,'both',197,'',NULL,'2014-08-16 13:49:08',269,403),(138,1,100,'both',203,'',NULL,'2014-08-20 15:11:59',30,50),(139,1,100,'male',204,'',NULL,'2014-08-20 15:14:18',70,145),(140,1,100,'female',204,'',NULL,'2014-08-20 15:14:34',80,155),(141,1,100,'both',70,'',NULL,'2014-08-20 15:16:01',70,127),(142,1,8,'both',110,'',NULL,'2014-08-21 16:21:44',20,250),(145,1,100,'male',96,'',NULL,'2014-08-23 18:01:54',2.4,29.5),(146,1,100,'female',96,'',NULL,'2014-08-23 18:02:08',0.5,2.5),(147,1,100,'male',227,'',NULL,'2014-09-01 18:25:46',13,71),(148,1,100,'female',227,'',NULL,'2014-09-01 18:26:32',18,114),(149,14,2500,'male',161,'',NULL,'2014-09-15 15:25:27',30,400),(150,14,2500,'female',161,'',NULL,'2014-09-15 15:25:38',13,150),(151,0.2,100,'male',162,'',NULL,'2014-09-22 16:37:13',59,158),(152,0.2,100,'female',162,'',NULL,'2014-09-22 16:37:30',37,145),(153,1,100,'both',40,'',NULL,'2014-10-11 15:07:37',0,5),(154,8.1,10.9,'both',110,'',NULL,'2014-10-18 16:20:04',75,350),(157,11,16,'both',110,'',NULL,'2014-10-18 16:22:28',130,600),(158,1,100,'both',139,'',NULL,'2014-10-21 13:58:55',20,50),(159,1,100,'both',138,'',NULL,'2014-10-21 13:59:23',91,156),(160,1,100,'male',238,'',NULL,'2014-11-22 15:19:02',39,308),(161,1,100,'female',238,'',NULL,'2014-11-22 15:19:20',26,192),(162,1.31,3000,'both',163,'',NULL,'2014-11-29 16:18:59',250,424),(163,1,100,'both',164,'',NULL,'2014-11-29 16:19:24',180,280),(164,0.1,13.99,'both',161,'',NULL,'2014-11-29 17:09:17',7,140),(165,1,100,'both',198,'',NULL,'2015-03-31 16:13:10',135,150),(166,1,100,'both',199,'',NULL,'2015-03-31 16:13:30',3.5,5.1),(167,1,100,'both',200,'',NULL,'2015-03-31 16:13:50',95,115),(168,1,100,'both',201,'',NULL,'2015-03-31 16:14:15',0.8,1.33),(169,1,100,'both',202,'',NULL,'2015-03-31 16:14:33',7.2,7.6),(170,1,100,'male',284,'',NULL,'2015-04-15 15:16:28',39,259),(171,1,100,'female',284,'',NULL,'2015-04-15 15:17:10',28,217),(176,1,100,'both',147,'',NULL,'2015-05-12 15:01:44',13,33),(177,0,3,'both',187,'',NULL,'2015-06-20 15:41:51',0.17,0.7),(178,0.1,1,'both',137,'',NULL,'2016-02-19 22:18:14',1,10),(179,1.1,5,'both',137,'',NULL,'2016-02-19 22:19:03',1,68),(180,6,15,'both',137,'',NULL,'2016-02-19 22:19:28',1,115),(181,0,3000,'both',140,'',NULL,'2016-11-21 17:39:36',30,50),(182,0,2,'male',172,'',NULL,'2016-11-21 18:17:57',14,466),(183,2.1,12,'male',172,'',NULL,'2016-11-21 18:18:48',7.4,243),(184,12.1,100,'male',172,'',NULL,'2016-11-21 18:20:15',0.7,19),(185,0,2,'female',172,'',NULL,'2016-11-21 18:21:12',0,4.7),(186,2.1,12,'female',172,'',NULL,'2016-11-21 18:22:02',0,8.8),(187,13,45,'female',172,'',NULL,'2016-11-21 18:22:56',0.9,9.5),(188,45.1,150,'female',172,'',NULL,'2016-11-21 18:23:41',0.1,2),(189,0,15,'female',98,'',NULL,'2017-01-25 12:55:57',44,367),(190,15.1,20,'female',98,'',NULL,'2017-01-25 13:00:01',85,482),(191,21.1,25,'female',98,'',NULL,'2017-01-25 13:03:43',148,407),(192,25.1,35,'female',98,'',NULL,'2017-01-25 13:05:20',99,340),(193,35.1,45,'female',98,'',NULL,'2017-01-25 13:06:28',61,337),(194,45.1,55,'female',98,'',NULL,'2017-01-25 13:07:37',46,335),(195,55.1,64,'female',98,'',NULL,'2017-01-25 13:10:00',25,268),(196,65.1,75,'female',98,'',NULL,'2017-01-25 13:17:09',13,322),(197,75.1,3000,'female',98,'',NULL,'2017-01-25 13:18:17',16,202),(198,0,15,'male',98,'',NULL,'2017-01-25 13:19:35',32,323),(199,15.1,20,'male',98,'',NULL,'2017-01-25 13:26:22',96,647),(200,20.1,25,'male',98,'',NULL,'2017-01-25 13:27:59',276,647),(201,25.1,35,'male',98,'',NULL,'2017-01-25 13:29:05',160,449),(202,0,3000,'both',142,'',NULL,'2017-02-06 15:45:12',10.4,42.4),(203,0.1,2500,'female',95,'',NULL,'2017-02-08 19:47:41',1.7,25),(204,35.1,3000,'male',98,'',NULL,'2017-03-07 16:35:48',89,427),(205,0,3000,'both',42,'',NULL,'2017-03-26 14:59:31',0,200),(206,0,3000,'both',131,'',NULL,'2017-03-30 14:49:57',90,140),(207,0,3000,'both',358,'',NULL,'2017-04-06 14:25:57',0,12),(208,0,3000,'both',359,'',NULL,'2017-04-06 14:26:21',0,12),(209,0,3000,'both',360,'',NULL,'2017-04-06 14:26:41',0,12),(210,0,3000,'both',361,'',NULL,'2017-04-06 14:27:34',0,12),(211,0,3000,'both',362,'',NULL,'2017-04-06 14:27:53',0,12),(212,0,3000,'both',363,'',NULL,'2017-04-06 14:28:13',0,12),(213,0,3000,'both',364,'',NULL,'2017-04-06 14:28:31',0,12),(214,0,3000,'both',365,'',NULL,'2017-04-06 14:30:25',0,12),(215,0,3000,'both',366,'',NULL,'2017-04-06 14:30:47',0,12),(216,0,3000,'both',367,'',NULL,'2017-04-06 14:31:04',0,20),(217,0,3000,'both',141,'',NULL,'2017-06-01 17:31:31',211,946),(218,0,1.3,'both',66,'',NULL,'2017-07-09 18:00:14',100,400),(219,0,3000,'both',102,'',NULL,'2017-11-30 18:31:56',8.7,79.6),(220,0,3000,'both',123,'',NULL,'2018-10-16 18:45:50',35,55);
/*!40000 ALTER TABLE `normal_range` ENABLE KEYS */;
UNLOCK TABLES;

--
-- Table structure for table `patient`
--

DROP TABLE IF EXISTS `patient`;
/*!40101 SET @saved_cs_client     = @@character_set_client */;
/*!50503 SET character_set_client = utf8mb4 */;
CREATE TABLE `patient` (
  `id` int NOT NULL AUTO_INCREMENT,
  `name` varchar(200) CHARACTER SET utf8 COLLATE utf8_bin NOT NULL,
  `dob` date NOT NULL,
  `gender` varchar(50) CHARACTER SET utf8 COLLATE utf8_bin NOT NULL,
  `date` datetime DEFAULT NULL,
  `detail` varchar(200) CHARACTER SET utf8 COLLATE utf8_bin DEFAULT NULL,
  `id_user` int DEFAULT NULL,
  `phone` varchar(100) CHARACTER SET utf8 COLLATE utf8_bin DEFAULT NULL,
  PRIMARY KEY (`id`)
) ENGINE=InnoDB DEFAULT CHARSET=utf8 COLLATE=utf8_bin;
/*!40101 SET character_set_client = @saved_cs_client */;

--
-- Dumping data for table `patient`
--

LOCK TABLES `patient` WRITE;
/*!40000 ALTER TABLE `patient` DISABLE KEYS */;
/*!40000 ALTER TABLE `patient` ENABLE KEYS */;
UNLOCK TABLES;

--
-- Table structure for table `profile`
--

DROP TABLE IF EXISTS `profile`;
/*!40101 SET @saved_cs_client     = @@character_set_client */;
/*!50503 SET character_set_client = utf8mb4 */;
CREATE TABLE `profile` (
  `id` int NOT NULL AUTO_INCREMENT,
  `name` varchar(200) CHARACTER SET utf8 COLLATE utf8_bin NOT NULL,
  `type` varchar(200) CHARACTER SET utf8 COLLATE utf8_bin DEFAULT NULL,
  `detail` varchar(200) CHARACTER SET utf8 COLLATE utf8_bin DEFAULT NULL,
  `date` datetime DEFAULT NULL,
  PRIMARY KEY (`id`)
) ENGINE=InnoDB AUTO_INCREMENT=91 DEFAULT CHARSET=utf8 COLLATE=utf8_bin;
/*!40101 SET character_set_client = @saved_cs_client */;

--
-- Dumping data for table `profile`
--

LOCK TABLES `profile` WRITE;
/*!40000 ALTER TABLE `profile` DISABLE KEYS */;
INSERT INTO `profile` VALUES (9,'Autoimmune Rheumatology Screen','','','2014-06-05 19:12:37'),(11,'Hormonal Assay By ECLIA','','','2014-06-05 19:21:05'),(13,'Autoimmune Hepatitis By ELISA','','','2014-06-16 10:02:12'),(15,'General Stool Examination','','','2014-06-16 11:30:54'),(16,'General Urine Examination','','','2014-06-16 11:31:19'),(17,'Autoimmune Thrombosis Screen By ELISA','','','2014-06-16 11:31:58'),(18,'Autoimmune Rheumatology Screen By ELISA','','','2014-06-16 11:32:24'),(22,'Renal Function Test By ACCENT200','','','2014-06-16 11:34:37'),(23,'Lipid Profile By ACCENT200','','','2014-06-16 11:34:53'),(24,'Liver Function Test By ACCENT200','','','2014-06-16 11:35:18'),(25,'Clinical Chemistry By ACCENT200','','','2014-06-16 11:36:45'),(26,'TORCH Screen','','','2014-06-16 11:53:31'),(27,'Brucella Antibody test by ELISA','','','2014-06-16 11:54:12'),(28,'Helicobacter pylori Antibody test by ELISA','','','2014-06-16 11:55:33'),(29,'Viral screen By Immunochromatography','','','2014-06-16 11:56:02'),(30,'Hepatits Virus Screen','','','2014-06-16 11:57:01'),(31,'Chlamydia Antibody test by ELISA','','','2014-06-16 11:57:34'),(32,'VDRL','','','2014-06-16 11:58:08'),(33,'Immunoglobulin assay','','','2014-06-16 11:58:43'),(34,'complement protein','','','2014-06-16 11:59:12'),(35,'Tumor markers By ECLIA','','','2014-06-16 12:00:00'),(36,'Iron status','','','2014-06-16 12:00:20'),(37,'Vitamins By ECLIA','','','2014-06-16 12:01:30'),(39,'EBV (VCA) BY ELISA','','','2014-06-16 12:03:31'),(40,'Parasitic infection','','','2014-06-16 12:04:05'),(41,'Vasculitis by ELISA','','','2014-06-16 12:04:46'),(42,'24hr Urine Collection','','','2014-06-16 12:05:33'),(43,'D-Dimer','','','2014-06-16 12:05:58'),(44,'Serology tests','','','2014-06-16 12:07:03'),(45,'Prothrombine Time','','','2014-06-16 12:08:13'),(46,'Haematology','','','2014-06-16 12:08:28'),(47,'Electrolyte by OPTI LION','','','2014-06-16 12:09:07'),(48,'Celiac Screen','','','2014-06-16 12:09:43'),(51,'Hb electrophoresis by HPLC','','','2014-09-01 18:27:59'),(52,'HLA B27 By Real time PCR','','','2014-09-10 16:23:21'),(53,'Helicobacter pylori  Stool Antigen','','','2014-09-23 16:59:15'),(54,'HBV Panel by Immunochromatography','','','2014-11-29 17:55:19'),(55,'CSF','','','2014-12-06 16:36:59'),(56,'Calprotectin Stool test','','','2014-12-09 15:25:14'),(57,'24hr Urine Protein Test','','','2015-01-13 15:53:45'),(58,'24hr Urine Copper Test','','','2015-01-14 17:20:34'),(59,'Hydatid Cyst Antibody by ELISA','','','2015-02-16 14:37:16'),(60,'24hr Urine Collection','','','2015-02-16 18:28:57'),(61,'Glucose Tolerance Test (GTT)','','','2015-02-23 14:11:58'),(62,'Fecal Occult Blood Test','','','2015-02-24 14:44:03'),(63,'Urine Albumin-to-Creatinine Ratio (UACR) by DCA','','','2015-03-04 17:06:50'),(64,'Peritoneal Fluid ','','','2015-03-04 18:42:13'),(65,'Urine protein to creatinine ratio','','','2015-03-07 17:43:06'),(66,'Viral Screen by ECLIA','','','2015-04-28 15:29:28'),(67,'Thyroid Function Test by ECLIA','','','2015-05-10 15:54:03'),(68,'Ascitis Fluid Analysis','','','2015-05-19 17:18:09'),(69,'Immunosuppressant Drugs Assay By ECLIA','','','2015-09-08 17:35:45'),(70,'Urea Breath Test By Heliprobe','','','2016-05-30 18:06:39'),(71,'Diabetes','','','2016-06-11 13:59:19'),(72,'Culture & Sensitivity','','','2016-07-12 15:47:52'),(73,'Stool Examination','','','2016-07-20 16:11:22'),(74,'Fasciolosis','','','2016-10-15 18:08:59'),(75,'KIDNEY STONE ANALYSIS','','','2017-02-13 16:37:06'),(78,'stool examinatim','','','2017-02-15 14:53:54'),(79,'others','','','2017-03-08 15:13:47'),(80,'Anti ANA Profile by Elisa','','','2017-04-06 13:55:13'),(81,'Allergy Tests','','','2017-11-25 14:17:58'),(82,'24 hr Urine Electrolyte','','','2018-02-18 17:24:12'),(83,'PCR','','','2018-03-15 19:30:33'),(84,'Serum Protein Electrophoresis','','','2018-06-03 16:34:32'),(85,'Short Synacthen Test ','','','2018-07-16 20:31:23'),(86,'Urine Protein Electrophoresis','','','2018-11-05 15:13:50'),(87,'Interferon Gamma Release Assay (IGRA) for TB','','','2019-11-20 19:47:46'),(88,'Adrinocortical Function Tests','','','2020-01-08 16:42:24'),(89,'HGH & Cortisol','','','2020-06-07 16:22:09'),(90,'Fluid analysis','','','2020-06-17 16:37:07');
/*!40000 ALTER TABLE `profile` ENABLE KEYS */;
UNLOCK TABLES;

--
-- Table structure for table `test`
--

DROP TABLE IF EXISTS `test`;
/*!40101 SET @saved_cs_client     = @@character_set_client */;
/*!50503 SET character_set_client = utf8mb4 */;
CREATE TABLE `test` (
  `id` int NOT NULL AUTO_INCREMENT,
  `id_profile` int NOT NULL,
  `name` varchar(200) CHARACTER SET utf8 COLLATE utf8_bin NOT NULL,
  `type` varchar(200) CHARACTER SET utf8 COLLATE utf8_bin DEFAULT NULL,
  `price` decimal(15,0) DEFAULT NULL,
  `detail` varchar(200) CHARACTER SET utf8 COLLATE utf8_bin DEFAULT NULL,
  `result_type` varchar(50) CHARACTER SET utf8 COLLATE utf8_bin DEFAULT NULL,
  `date` datetime DEFAULT NULL,
  `default_normal` varchar(200) CHARACTER SET utf8 COLLATE utf8_bin DEFAULT NULL,
  PRIMARY KEY (`id`)
) ENGINE=InnoDB AUTO_INCREMENT=453 DEFAULT CHARSET=utf8 COLLATE=utf8_bin;
/*!40101 SET character_set_client = @saved_cs_client */;

--
-- Dumping data for table `test`
--

LOCK TABLES `test` WRITE;
/*!40000 ALTER TABLE `test` DISABLE KEYS */;
INSERT INTO `test` VALUES (27,11,'T3','',6000,'','nmol/L','2014-06-16 11:40:27','1.3 - 3.1'),(28,11,'T4','',6000,'','nmol/L','2014-06-16 11:42:06','66 -181'),(29,11,'TSH','',6000,'','µIU/ml','2014-06-16 11:45:32','0.27 - 4.2'),(30,11,'LH','',7000,'','mIU/ml','2014-06-16 11:49:49','women : mid cycle :17-77.follicular:1.1-11.6.luteal:ND-14.7.\r\nmen;0.8-7.6'),(31,25,'Amylase','',5000,'','U/L','2014-07-03 11:19:51','24-65'),(32,25,'Amylase pancreatic','',5000,'','U/L','2014-07-03 11:20:51','13-53'),(33,25,'Albumin','',3000,'','g/dL','2014-07-03 11:22:44','3.2 - 5.2'),(34,25,'Albumin in Urine','',5000,'','mg/L','2014-07-03 11:31:02','First morning urine ,random    <29 mg/L\r\nUrine (24h)        <30 mg/day  '),(35,25,'Alkaline Phosphatase','',4000,'','U/L','2014-07-03 11:32:54','40-129'),(36,25,'Ammonia','',10000,'','ᶭg/dL','2014-07-03 11:48:44','Female 18.7 - 86.9\r\nmale  27.2 - 102'),(37,25,'Bicarbonate','',10000,'','mmol/L','2014-07-03 11:50:37','22-29'),(38,25,'Bilirubin direct','',3000,'','mg/dL','2014-07-03 11:56:09','< 0.4'),(39,25,'Bilirubin Total','',3000,'','mg/dL','2014-07-03 12:01:32','< 1.2'),(40,25,'C-Reactive Protein','',5000,'','mg/L','2014-07-03 12:04:17','0 - 5'),(41,25,'Calcium','',4000,'','mg/dL','2014-07-03 12:05:41',''),(42,25,'Cholesterol','',3000,'','mg/dL','2014-07-03 12:08:51','< 201'),(43,25,'Creatine Kinase','',5000,'','U/L','2014-07-04 13:52:26','Male     39-308\r\nFemale 26-192'),(45,25,'Creatinine','',3000,'','mg/dL','2014-07-04 14:16:04','Male      0.6 - 1.3\r\nFemale  0.5 - 1.2'),(46,25,'Glucose','',3000,'','mg/dL','2014-07-04 14:23:28','Fasting 70 - 115'),(47,25,'Gamma GT','',5000,'','IU/L','2014-07-04 14:27:43','10 - 71'),(48,25,'HDL','',4000,'','mg/dL','2014-07-04 14:31:25','> 55'),(49,25,'HbA1c','',9000,'','%','2014-07-04 14:34:09','< 6.5'),(50,25,'Iron','',4000,'','ᶭg/dL','2014-07-04 14:36:46','female  37 - 145\r\nmale     59 - 158'),(51,25,'Lactate Dehydrogenase (LDH)','',5000,'','U/L','2014-07-04 14:39:40','225 - 450'),(52,25,'LDL','',4000,'','mg/dL','2014-07-04 14:42:45','Optimal : < 100 Near Optimal :100-129 High : > 130'),(53,25,'Lipase','',5000,'','U/L','2014-07-04 14:43:33','13 - 60'),(54,25,'Magnesium','',5000,'','mg/dL','2014-07-04 14:45:08','Premature :    1.4 - 1.9\r\nchildren and adult :  1.7 - 2.55'),(55,25,'Inorganic Phosphate','',5000,'','mg/dL','2014-07-04 14:47:08','2.7 - 4.5'),(56,25,'Total Protein','',3000,'','g/dL','2014-07-04 14:48:46','6.6 - 8.7'),(57,25,'Triglycerides','',3000,'No lipid metabolic disorder','mg/dL','2014-07-04 14:52:16','< 151 (Fasting)'),(58,25,'Urea','',3000,'','mg/dL','2014-07-04 14:54:11','< 50'),(59,25,'BUN','',3000,'','mg/dL','2014-07-04 14:55:49',''),(60,25,'Uric acid','',3000,'','mg/dL','2014-07-04 14:58:38','3.4 - 7'),(61,25,'Sodium (Na)','',4000,'','mmol/L','2014-07-04 15:02:30','135 - 150'),(62,25,'Potassium (K)','',4000,'','mmol/L','2014-07-04 15:03:48','3.5 - 5.5'),(63,25,'Chloride','',4000,'','mmol/L','2014-07-04 15:04:42','95 - 115'),(64,25,'Ionized Calcium','',4000,'','mmol/L','2014-07-04 15:05:33','0.80 - 1.30'),(65,25,'pH','',0,'','pH unit','2014-07-04 15:06:20','7.2 - 7.6'),(66,25,'TIBC','',5000,'','µg/dL','2014-07-04 15:07:27','313 - 424'),(67,25,'UIBC','',0,'','µg/dL','2014-07-04 15:07:56','180 - 280'),(68,25,'ALT (GPT)','',4000,'','U/L','2014-07-04 15:10:20','Male 10-50 / Female 10-35 / Infant 13-45'),(69,25,'AST (GOT)','',4000,'','U/L','2014-07-04 15:11:48','Male 10-50 / Female 10-35 / Infant 13-45'),(70,25,'Zinc','',5000,'','µg/dL','2014-07-04 15:13:28','New Burn 50-100 / Children 64-110\r\nMale 72-127 / Female 70 - 114'),(71,25,'Copper','',5000,'','ᶭg/dL','2014-07-04 15:13:59',''),(72,25,'Ceruloplasmin','',15000,'','mg/dL','2014-07-04 15:15:40','20 - 81'),(73,44,'CRP','',5000,'','mg/L','2014-07-05 15:15:11','adult  < 5.0'),(74,44,'ASO','',4000,'','IU/ml','2014-07-05 15:15:47','< 200'),(75,46,'ESR','',3000,'','mm/hr','2014-07-05 15:19:12','male : 0-15\r\nfemale : 0-20'),(76,44,'RF','',3000,'','','2014-07-05 16:10:00',''),(77,44,'IM (infectious mono.)','',5000,'','','2014-07-06 13:27:44',''),(78,44,'Brucella Rapid test','',3000,'','','2014-07-06 13:29:00',''),(79,44,'VDRL','',5000,'','','2014-07-06 13:29:22',''),(80,44,'Salmonella Typhi IgG','',2000,'','','2014-07-06 13:30:19',''),(81,44,'Salmonella Typhi IgM','',3000,'','','2014-07-06 13:30:38',''),(82,44,'HCG','',3000,'','','2014-07-06 13:33:17',''),(83,29,'HBs Ag','',4000,'','','2014-07-06 13:34:17',''),(84,29,'HCV Ab','',4000,'','','2014-07-06 13:34:34',''),(85,29,'HIV Ab','',4000,'','','2014-07-06 13:34:51',''),(86,46,'CBC','',6000,'','','2014-07-06 13:35:44',''),(87,15,'GSE','',3000,'','','2014-07-06 13:37:56',''),(88,16,'GUE','',3000,'','','2014-07-06 13:38:11',''),(89,27,'Brucella IgG','',8000,'','DU','2014-07-06 13:40:03','Negative : < 9.0\r\nGrey zone : 9 - 11\r\nPositive : > 11'),(90,27,'Brucella IgM','',8000,'','DU','2014-07-06 13:41:20','Negative :< 9.0\r\nGrey zone : 9 - 11\r\nPositive : > 11'),(91,11,'T Uptake','',10000,'','%','2014-07-08 10:23:02','25 - 35'),(92,11,'Free T3','',6000,'','pmol/L','2014-07-08 10:23:25','3.1 - 6.8'),(93,11,'Free T4','',6000,'','pmol/L','2014-07-08 10:23:40','12-22'),(94,11,'FSH','',7000,'','mIU/ml','2014-07-08 10:24:15','women : mid cycle :5.8-21/follicular:2.8-11.3/luteal:1.2-9.0/ Postmenopause: 25.8-134.8 \r\nmen;0.7-11.1'),(95,11,'Prolactin','',8000,'','ng/ml','2014-07-08 10:24:39','women :  1.9 - 25\r\nmen; 2.5 - 17.0'),(96,11,'Testosterone','',8000,'','nmol/L','2014-07-08 10:25:03','Women: 0.5 - 2.5\r\nmen : 2.4 - 29.5'),(97,11,'Free Testosterone','',10000,'','pg/ml','2014-07-08 10:25:29','Female : 0.2 - 6.3\r\nMale : 4.0 - 30.0'),(98,11,'DHEA-S','',10000,'','µg/dL','2014-07-08 10:25:54','Female  33.9 - 280'),(99,11,'Progesterone','',8000,'','ng/ml','2014-07-08 10:26:19','(N: Women;ovulation;0.25-6.2;Follicular;0.25-0.54;Luteal;1.5-20;Menopause;>0.41);(N:Men ;0.25-0.56)'),(100,11,'17-OH Progesterone','ELISA',20000,'','nmol/L','2014-07-08 10:26:45','3-14 years (0.05-2.0) ng/ml\r\nfollicular phase (0.1-1.0) \r\nLuteal phase (0.6-2.5) \r\nOvulation (0.3-1.5) ng/ml\r\npost ACTH  < 3.2 \r\nThird trimester (2.0-12) \r\npostmenopausal woman (0.13-0.6)\r\nMen (0.5-3)'),(101,11,'Estradiol (E2)','',8000,'','pg/ml','2014-07-08 10:27:09','women : follicular:ND-160/luteal:27-246/ preiovulary 124-1468/ Postmenopause: < 54.7\r\nmen;ND-56'),(102,11,'Intact PTH','',10000,'','pg/mL','2014-07-08 10:27:35','8.7 - 79.6'),(103,11,'Calcitonin','',15000,'','','2014-07-08 10:27:59',''),(104,11,'Aldosterone','',25000,'','pg/ml','2014-07-08 10:28:32','10 - 360'),(105,11,'ACTH','',10000,'','pg/ml','2014-07-08 10:28:51','7.2 - 63.6'),(106,11,'Cortisol (Morning)','',10000,'','nmol/L','2014-07-08 10:29:32','171 - 536'),(107,11,'Cortisol (evening)','',10000,'','nmol/L','2014-07-08 10:29:55','64 - 327'),(108,11,'HGH (Basal)','',10000,'','ng/ml','2014-07-08 10:30:39','Up to 10'),(109,11,'HGH (After stimulation)','',10000,'','ng/ml','2014-07-08 10:31:04','> 5.0 Rise from baseline'),(110,11,'IGF-1','',15000,'','ng/ml','2014-07-08 10:31:25','< 11 yrs. (20-250)  /  11-16 yrs. (130-600)  /  > 16 yrs. (150-350)'),(111,11,'Insuline','',16000,'','UIU/ml','2014-07-08 10:31:39','1.1-17.0'),(112,11,'C-Peptide','',20000,'','ng/ml','2014-07-08 10:31:54','1.1-3.3'),(113,11,'ßHCG','',7000,'','mIU/mL','2014-07-08 10:32:57','Up to 4.0 in non pregnant women'),(114,35,'CEA','',12000,'','ng/ml','2014-07-08 10:33:48','< 5.0'),(115,35,'TPSA','',12000,'','ng/mL','2014-07-08 11:10:09','0.21-6.2'),(116,35,'Free PSA','',13000,'','ng/ml','2014-07-08 11:10:38','up to 0.9'),(117,35,'Ca 15.3','',12000,'','U/ml','2014-07-08 11:11:07','< 35'),(118,35,'Ca 125','',12000,'','U/ml','2014-07-08 11:11:24','< 35'),(119,35,'Ca 19.9','',12000,'','U/ml','2014-07-08 11:11:42','< 33'),(120,35,'Ca 27.29','',12000,'','','2014-07-08 11:12:05',''),(121,35,'AFP','',12000,'','IU/ml','2014-07-08 11:12:40','< 5.0'),(122,35,'ßHCG','',7000,'','','2014-07-08 11:12:54','Up to 4.0 in non pregnant women'),(123,46,'PCV','',3000,'','%','2014-07-08 11:15:22','35 - 55'),(124,46,'WBC','',3000,'','cells / mm','2014-07-08 11:15:36','4.5 - 10.5 X 10  '),(125,46,'Blood group & Rh','',3000,'','','2014-07-08 11:17:09',''),(126,46,'Bleeding Time','',3000,'','minutes','2014-07-08 11:17:50',''),(127,46,'Clotting Time','',3000,'','minutes','2014-07-08 11:18:16',''),(128,46,'CBP','',12000,'','','2014-07-08 11:20:16',''),(129,46,'Reticulocyte count','',5000,'','%','2014-07-08 11:20:52','0.5 - 2.5'),(130,46,'Platelet Count','',5000,'','','2014-07-08 11:21:19','150000-400000'),(131,46,'Anti Thrombin III','',15000,'','%','2014-07-08 11:22:14','90 - 120'),(132,46,'Protein C Level','',25000,'','%','2014-07-08 11:22:36','70 - 140'),(133,46,'Protein S Level','',25000,'','%','2014-07-08 11:22:56','60 - 150'),(134,33,'IgG','',7000,'','mg/dL','2014-07-08 11:25:05','800 - 1800'),(135,33,'IgA','',7000,'','mg/dL','2014-07-08 11:25:25','90 - 450'),(136,33,'IgM','',7000,'','mg/dL','2014-07-08 11:25:37','60-280'),(137,33,'IgE','',10000,'','IU/ml','2014-07-08 11:25:56','Adult < 160\r\nup to 1 yrs < 10\r\n1-5 yrs < 68\r\n6-15 yrs < 115 '),(138,34,'C3','',8000,'','mg/dl','2014-07-08 11:26:21','91-156'),(139,34,'C4','',8000,'','mg/dl','2014-07-08 11:26:36','20-50'),(140,37,'25-OH Vitamin D','',13000,'','ng/ml','2014-07-08 11:28:52','Deficiency: < 20 / Insufficient: 21-29 / \r\nOptimal Level: 30 - 50'),(141,37,'B12','',12000,'','pg/mL','2014-07-08 11:31:14','211 - 946'),(142,37,'Folate','',12000,'','nmol/L','2014-07-08 11:31:37','10.4 - 42.4'),(143,23,'Total Cholesterol','',3000,'','mg/dL','2014-07-08 11:33:58','< 201'),(144,23,'Triglyceride','',3000,'','mg/dL','2014-07-08 11:35:55','< 151 (Fasting)'),(145,23,'HDL','',4000,'','mg/dL','2014-07-08 11:37:02','> 55\r\n'),(146,23,'LDL','',4000,'','mg/dL','2014-07-08 11:39:36','Optimal : < 100\r\nNear Optimal :100-129\r\nHigh : > 130'),(147,23,'VLDL','',0,'','mg/dl','2014-07-08 11:42:15','13 - 33'),(148,23,'Atherogenic ratio','',0,'','','2014-07-08 11:43:01','ᐸ 5.0'),(149,23,'LDL/HDL','',0,'','','2014-07-08 11:43:30','< 4.0'),(150,26,'Toxoplasma IgG','',7000,'','IU/mL','2014-07-08 14:56:02','< 8.0'),(151,26,'Toxoplasma IgM','',8000,'','Index','2014-07-08 14:56:28','< 0.9'),(152,26,'CMV  IgG','',8000,'','IU/mL','2014-07-08 14:56:50','< 0.8'),(153,26,'CMV IgM','',10000,'','IU/mL','2014-07-08 14:57:08','< 0.9'),(154,26,'Rubella IgG','',7000,'','IU/mL','2014-07-08 14:57:29','< 10.0'),(155,26,'Rubella IgM','',8000,'','Index','2014-07-08 14:57:48','< 0.9'),(156,26,'HSV II IgG','',7000,'','Index','2014-07-08 14:58:24','< 1.0'),(157,26,'HSV II IgM','',8000,'','AU/ml','2014-07-08 14:58:43','< 10'),(158,31,'Chlamydia trichomatus IgG','',10000,'','NTU','2014-07-08 14:59:33','Negative :< 9.0\r\nGrey zone : 9 - 11\r\nPositive : > 11'),(159,31,'Chlamydia trichomatus IgA','',10000,'','NTU','2014-07-08 15:00:16','ᐸ 9.0'),(160,31,'Chlamydia trichomatus IgM','',10000,'','NTU','2014-07-08 15:00:48','Negative :< 9.0\r\nGrey zone : 9 - 11\r\nPositive : > 11'),(161,36,'Ferritin','',8000,'','ng/mL','2014-07-08 15:01:53','Men 30-400  / Women 13-150'),(162,36,'Iron','',4000,'','µg/dL','2014-07-08 15:02:21','female 37 - 145\r\n male 59 - 158'),(163,36,'TIBC','',5000,'','µg/dL','2014-07-08 15:02:40','313 - 424'),(164,36,'UIBC','',0,'','µg/dL','2014-07-08 15:03:28','180 - 280'),(165,28,'Helicobacter pylori IgG','',5000,'','U/mL','2014-07-08 15:04:53','Negative < 15 / Positive > 20 / Equivocal 15-20'),(166,28,'Helicobacter pylori IgA','',5000,'','U/mL','2014-07-08 15:05:09','Negative < 15  / Positive > 20 / Equivocal 15-20'),(167,28,'Helicobacter pylori IgM','',5000,'','U/mL','2014-07-08 15:05:23','< 40'),(168,9,'ANA','',8000,'','Index','2014-07-09 13:55:32','Negative:< 0.8\r\nequivocal: 0.8-1.2\r\nPositive: >1.2'),(169,9,'Anti ds DNA IgG','',8000,'','IU/mL','2014-07-09 13:56:03','Negative : < 20\r\nequivocal : 20-30\r\nPositive : > 30'),(170,9,'Anti ds DNA IgM','',8000,'','IU/mL','2014-07-09 13:56:21','Negative : < 20\r\nequivocal : 20-30\r\nPositive : > 30'),(171,9,'Anti CCP','',13000,'','AU/mL','2014-07-09 13:57:51','< 17'),(172,11,'Anti-Mullerian hormone (AMH/MIS)','',30000,'','ng/mL','2014-07-15 14:32:36','\r\nWoman:\r\n20-24yrs.(1.6-9.5) / 25-29yrs.(1.2-9.1) /     \r\n30-34yrs.(0.67-7.55) / 35-39yrs.(0.77-5.24) /    \r\n40-44yrs.(0.097 - 2.96) / 45-50yrs.(0.46-2.06) Man: (1.43-11.6)\r\n\r\n\r\n'),(173,9,'T3','',6000,'','nmol/L','2014-08-05 14:05:04','1.3 - 3.1'),(174,9,'T4','',6000,'','nmol/L','2014-08-05 14:06:10','66 -181'),(175,9,'TSH','',6000,'','µIU/ml','2014-08-05 14:15:00','0.27 - 4.2	'),(176,9,'Free T3','',6000,'','pmol/L','2014-08-05 14:17:06','3.1 - 6.8'),(177,9,'FreeT4','',6000,'','pmol/L','2014-08-05 14:17:48','8.0 - 22'),(178,48,'Antigliadin Ab IgG','',8000,'','U/mL','2014-08-12 18:10:00','Negative :<12.0 \r\nequivocal : 12 - 18  \r\nPositive : > 18.0'),(179,48,'Antigliadin Ab IgA','',8000,'','U/mL','2014-08-12 18:10:14','Negative :< 12.0 \r\nequivocal : 12 - 18  \r\nPositive : > 18.0'),(180,48,'Anti tissue transglutaminase Ab IgG','',8000,'','U/mL','2014-08-12 18:10:50','Negative :< 12.0 \r\nequivocal : 12 - 18  \r\nPositive : > 18.0'),(181,48,'Anti tissue transglutaminase Ab IgA','',8000,'','U/mL','2014-08-12 18:11:17','Negative :< 12.0 \r\nequivocal : 12 - 18  \r\nPositive : > 18.0'),(182,48,'Anti endomycel Ab IgG','',10000,'','U/mL','2014-08-13 14:42:48','Negative :< 12.0 / Positive : > 12.0'),(183,48,'Anti endomycel Ab IgA','',10000,'','U/mL','2014-08-13 14:43:05','Negative :< 12.0 / Positive : > 12.0'),(184,49,'FT4I','',0,'','Index','2014-08-13 14:58:24','1.5 - 4.5'),(185,22,'B.Urea','',3000,'','mg/dL','2014-08-13 17:57:59','< 50'),(186,22,'BUN','',3000,'','mg/dL','2014-08-13 17:59:34',''),(187,22,'Creatinine','',3000,'','mg/dL','2014-08-13 18:01:13','0.5 - 1.3'),(188,22,'Albumin','',3000,'','g/dL','2014-08-13 18:03:00','3.4 - 4.8'),(189,22,'Total Protein','',3000,'','g/dL','2014-08-13 18:04:08','6.6 - 8.7'),(190,24,'Bilirubin Total ','',3000,'','mg/dL','2014-08-16 13:30:28','< 1.2'),(191,24,'Bilirubin Direct','',3000,'','mg/dL','2014-08-16 13:32:12','< 0.4'),(192,24,'Total protein','',3000,'','g/dL','2014-08-16 13:33:59','6.6 - 8.7'),(193,24,'Albumin','',3000,'','g/dL','2014-08-16 13:36:41','3.2 - 5.2'),(194,24,'Alkaline Phosphate','',4000,'','U/L','2014-08-16 13:39:28','40-129'),(195,24,'AST (GOT)','',4000,'','U/L','2014-08-16 13:44:02','Male 10-50 / Female 10-35 / Infant 13-45'),(196,24,'ALT (GPT)','',4000,'','U/L','2014-08-16 13:47:02','Male 10-50 / Female 10-35 / Infant 13-45'),(197,24,'Lactate Dehydrogenase (LDH)','',5000,'','U/L','2014-08-16 13:48:43','225 - 450'),(198,47,'Sodium','',4000,'','mmol/L','2014-08-16 13:53:04','135 - 150'),(199,47,'Potassium','',4000,'','mmol/L','2014-08-16 13:53:53','3.5 - 5.5'),(200,47,'Chloride','',4000,'','mmol/L','2014-08-16 13:54:41','95 - 115'),(201,47,'Ionized Ca','',0,'','mmol/L','2014-08-16 14:06:41','0.80 - 1.30'),(202,47,'pH','',0,'','pH unit','2014-08-16 14:07:19','7.2 - 7.6'),(204,25,'copper','',6000,'','µg/dL','2014-08-19 18:08:46',''),(205,17,'Anti phospholipid Antibody (IgG)','',8000,'','U/ml','2014-08-21 15:25:22','Negative   < 12  . Equivocal  12-18 .Positive     > 18\r\n'),(206,17,'Anti phospholipid Antibody (IgM)','',8000,'','U/ml','2014-08-21 15:26:35','Negative   < 12  . Equivocal  12-18 .Positive     > 18\r\n'),(208,17,'Anti Cardiolipin Antibody (IgG)','',8000,'','U/ml','2014-08-21 15:40:26','Negative   < 12  . Equivocal  12-18 .Positive     >18\r\n'),(209,17,'Anti Cardiolipin Antibody (IgM)','',8000,'','U/ml','2014-08-21 15:40:37','Negative   < 12  . Equivocal  12-18 .Positive     > 18\r\n'),(210,17,'Anti B2 glycoprotein Antibody (IgG)','',9000,'','U/ml','2014-08-21 15:42:00','Negative   < 12  . Equivocal  12-18 .Positive     > 18\r\n'),(211,17,'Anti B2 glycoprotein Antibody (IgM)','',9000,'','U/ml','2014-08-21 15:42:20','Negative   < 12  . Equivocal  12-18 .Positive     > 18\r\n'),(212,17,'Lupus Anticoagulant (LA-PTT)','',15000,'','Sec','2014-08-21 15:47:27','30-40'),(213,46,'PT','',6000,'','Sec','2014-08-25 15:07:06','11 - 16'),(217,46,'PT Control','',0,'','Sec','2014-08-25 15:31:28',''),(219,46,'INR','',0,'','','2014-08-25 15:37:03',''),(220,46,'PTT','',6000,'','Sec','2014-08-25 15:37:34','30 - 40'),(221,46,'PTT Control','',0,'','Sec','2014-08-25 15:37:53',''),(222,11,'HCG','',7000,'','mIU/ml','2014-08-26 15:09:23','Up to 5.0 in non pregnant women'),(223,41,'cANCA (PR3)','',10000,'','U/mL','2014-08-26 18:17:56','< 12.0'),(224,41,'pANCA (MPO)','',10000,'','U/mL','2014-08-26 18:18:29','< 12.0'),(225,46,'Hb (haemoglobin)','',3000,'','g/dL','2014-08-31 17:45:04','11.5 - 16.5'),(227,11,'SHBG','',15000,'','nmol/L','2014-09-01 16:37:01','Male : 15.4-63.8 \r\nFemale : 19.1-145\r\nMenoause : 14.4-136'),(228,51,'HbF','',20000,'','%','2014-09-01 18:29:32','0.3 - 3.4'),(229,51,'HbA2','',0,'','%','2014-09-01 18:30:09','1.5 -3.5'),(230,49,'Anti-TG Antibody','',10000,'ND : Non Detectable','IU/mL','2014-09-03 16:20:06','ND - 40'),(231,67,'Anti-TPO Antibody','',10000,'','IU/mL','2014-09-03 16:20:33','Negative: < 31.5,\r\nDoubtful: 31.5 - 38.5,\r\nPositive: > 38.5'),(233,9,'TSH Receptor','',10000,'','IU/mL','2014-09-22 14:36:54','< 1.5'),(235,9,'Rheumatoid Factor IgG','',8000,'','AU/mL','2014-10-18 16:27:36','Negative: < 12, \r\nEquivocal: 12-18,\r\nPositive: > 18'),(236,9,'Rhematoid Factor IgM','',9000,'','AU/mL','2014-10-18 16:28:15','Negative: < 12, \r\nEquivocal: 12-18,\r\nPositive: > 18'),(237,30,'HAV IgM','',7000,'','','2014-11-18 16:47:15',''),(239,54,'HBs Antigen','',4000,'','','2014-11-29 17:56:59',''),(240,54,'Anti-HBs Antibody','',6000,'','','2014-11-29 17:57:36',''),(241,54,'HBe Antigen','',6000,'','','2014-11-29 17:57:59',''),(242,54,'Anti-HBe Antibody','',6000,'','','2014-11-29 17:58:22',''),(243,54,'Anti-HBc Antibody','',6000,'','','2014-11-29 17:59:09',''),(244,55,'CSF','',15000,'','','2014-12-06 16:37:15',''),(245,56,'Calprotectin','',10000,'','','2014-12-09 15:26:06',''),(247,9,'Anti SCL-70 Ab','',10000,'','AU/mL','2014-12-17 16:44:22','Negative: < 12.0  \r\nDoubtful: 12-18 \r\nPositive:  > 18.0'),(248,13,'AMA','',12000,'','U/mL','2014-12-30 16:35:36','< 12.0'),(249,13,'LKM-1','',12000,'','U/mL','2014-12-30 16:35:54','< 12.0'),(250,57,'Urine Volume','',0,'','ml/24hr','2015-01-13 15:55:10','600 - 1600'),(251,57,'Urine Protein','',5000,'','mg/24hr','2015-01-13 15:56:14','<80'),(253,58,'Urine copper','',8000,'','mg/24hr','2015-01-14 17:22:21','15 - 70'),(254,9,'Anti La (SSB)','',10000,'','AU/mL','2015-01-18 15:52:17','Negative   < 12  . Equivocal  12-18 .Positive     > 18'),(255,9,'Anti Ro (SSA)','',10000,'','AU/mL','2015-01-18 15:52:41','Negative   < 12  . Equivocal  12-18 .Positive     > 18'),(256,9,'Anti SM','',10000,'','AU/mL','2015-01-18 15:59:16','Negative   < 12  . Equivocal  12-18 .Positive     > 18'),(257,39,'EBV (VCA) IgG Level','',10000,'','Index','2015-02-12 14:51:39','Negative: < 0.8\r\nPositive: > 1.2'),(258,39,'EBV (VCA) IgM Level','',10000,'','Index','2015-02-12 14:52:07','Negative: < 0.8\r\nPositive: > 1.2'),(259,59,'Ecchinococcus granulosis Ab.	IgG Level','Hydatid Cyst Ab.	',20000,'*Nova Tech Unit','Index','2015-02-16 14:38:39','Negative :< 0.9\r\nGrey zone : 0.9 - 1.1\r\nPositive : > 1.1'),(260,60,'Urea','',5000,'','','2015-02-16 18:29:48',''),(261,60,'Creatinine','',5000,'','mg/24','2015-02-16 18:30:18','1040 - 2350'),(262,60,'Uric Acid','',5000,'','mg/day','2015-02-16 18:30:37','200 - 1000'),(263,60,'Calcium','',5000,'','mg/day','2015-02-16 18:31:08','< 250'),(264,60,'Phosphate(Inorganic)','',5000,'','','2015-02-16 18:32:01',''),(265,61,'Fasting Glucose','',3000,'','mg/dL','2015-02-23 14:13:37','110'),(267,61,'60-min. after Glucose load','',3000,'','mg/dL','2015-02-23 14:17:02','< 184'),(268,61,'120-min. after Glucose load','',3000,'','mg/dL','2015-02-23 14:18:07','< 138'),(270,62,'Fecal Occult Blood','',5000,'','','2015-02-24 14:44:21',''),(271,41,'Anti GBM','',10000,'','','2015-03-03 15:25:56','Negative   ᐸ 12  . Equivocal  12-18 .Positive     ᐳ 18'),(272,63,'Urine Albumin ','',5000,'','mg/L','2015-03-04 17:07:39','ᐸ 29'),(273,63,'Urine Creatinine','',3000,'','mg/dl','2015-03-04 17:08:20','28 - 217'),(274,63,'UACR','',0,'','mg/g','2015-03-04 17:09:44',''),(275,64,'Color','',0,'','','2015-03-04 18:42:53',''),(276,64,'Glucose','',5000,'','mg/dl','2015-03-04 18:43:40','74-115'),(277,64,'Albumin','',10000,'','mg/L','2015-03-04 18:44:54','ᐸ 29'),(278,64,'Gram Stain','',0,'','','2015-03-04 18:45:18',''),(279,64,'WBC','',0,'','','2015-03-04 18:45:45',''),(280,64,'RBC','',0,'','','2015-03-04 18:45:56',''),(281,46,'CBP','',12000,'','','2015-03-07 17:07:25',''),(282,46,'Retic Count','',5000,'','%','2015-03-07 17:07:51','0.5 - 2.5'),(283,65,'Urine Protein','',5000,'','mg/dL','2015-03-07 17:44:10','< 14'),(284,65,'Urine Creatinine','',5000,'','mg/dL','2015-03-07 17:46:07','39 - 259'),(285,65,'UPCR','',0,'','mg/mg','2015-03-07 17:46:20','Male < 0.11\r\nFemale < 0.16'),(286,65,'24hr urine Protein','',0,'','gm','2015-03-07 17:47:56',''),(287,66,'HBs Ag','',6000,'','Index','2015-04-28 15:32:52','Negative: < 0.9\r\nBordeline:> 0.9 - < 1.0\r\nPositive: > 1.0'),(288,66,'Anti-HCV Ab','',6000,'','Index','2015-04-28 15:34:35','Negative: < 0.9\r\nBordeline:> 0.9 - < 1.0\r\nPositive: > 1.0'),(289,66,'HIV Combi PT','',6000,'','Index','2015-04-28 15:48:14','Negative: < 0.9\r\nBordeline:> 0.9 - < 1.0\r\nPositive: > 1.0'),(290,44,'Helicobacter pylori IgG Level','',5000,'','','2015-05-02 16:26:34',''),(291,44,'SLE','',5000,'','','2015-05-04 16:52:19',''),(292,67,'T3','',6000,'','nmol/L','2015-05-10 15:55:05','1.3 - 3.1'),(293,67,'T4','',6000,'','nmol/L','2015-05-10 15:55:27','66 -181'),(294,67,'TSH','',6000,'','µIU/ml','2015-05-10 15:57:01','0.27 - 4.2'),(295,68,'Appearance','',0,'','','2015-05-19 17:18:47',''),(296,68,'RBC','',0,'','Cell/ᶭl','2015-05-19 17:24:37',''),(297,68,'WBC','',0,'','Cell/ᶭl','2015-05-19 17:26:07','< 500'),(298,68,'Glucose','',3000,'','mg/dl','2015-05-19 17:26:49','40 - 70'),(299,68,'Protein','',5000,'','mg/dl','2015-05-19 17:27:01','15 - 45'),(300,67,'Free T3','',6000,'','pmol/L','2015-05-23 15:10:03','3.1 - 6.8'),(301,67,'Free T4','',6000,'','pmol/L','2015-05-23 15:10:39','12 - 22'),(302,46,'Blood Film','',5000,'','','2015-07-06 17:41:54',''),(303,9,'Jo-1','',10000,'','AU/ml','2015-08-10 17:17:24','Negative :< 12.0'),(304,69,'Tacrolimus','',20000,'','ng/ml','2015-09-08 17:39:25',''),(305,69,'Cyclosporine','',40000,'','ng/ml','2015-09-08 17:40:39',''),(306,30,'HBs Antigen','',6000,'','','2015-10-12 16:05:08',''),(307,30,'HCV Antibody','',6000,'','','2015-10-12 16:05:32',''),(308,13,'ANA','',8000,'','Index','2015-10-12 16:09:44','Negative:<0.8\r\nequivocal: 0.8-1.2\r\nPositive: >1.2'),(309,67,'Anti Thyroglobulin Ab.','',10000,'','IU/ml','2016-02-23 15:53:47','<115'),(310,44,'D- Dimer','',10000,'','','2016-03-07 15:32:54',''),(312,11,'Insuline','',15000,'','UIU/ml','2016-03-16 14:47:23','1.1-17.0'),(313,11,'C-Peptide','',15000,'','ng/ml','2016-03-16 14:47:46','1.1-3.3'),(314,70,'Urea Breath Test','',35000,'','CPM','2016-05-30 18:07:41','Negative < 25 / Positive > 50'),(315,71,'Glucose','',3000,'','mg/dl','2016-06-11 14:01:13','Fasting 70 - 115'),(317,71,'HbA1c','',9000,'','%','2016-06-11 14:03:01','< 6.5'),(318,44,'H. pylori Ab. Combo (IgG,IgA&IgM)','',5000,'','','2016-06-11 16:53:48',''),(319,44,'Troponin','',5000,'','','2016-06-13 14:47:49',''),(320,66,'Anti HBs Ab','',10000,'','IU/L','2016-06-25 17:59:28','< 10'),(321,29,'Anti HBc Ab.','',5000,'','','2016-06-26 19:13:44',''),(322,72,'Urine Culture','',10000,'','','2016-07-12 15:59:46',''),(323,73,'H. pylori Ag. (Stool)','',10000,'','','2016-07-20 16:12:08',''),(324,73,'Calprotectin','',10000,'','','2016-07-20 16:12:45',''),(325,73,'Lactoferrin','',10000,'','','2016-07-20 16:14:09',''),(326,72,'Blood Culture','',10000,'','','2016-07-31 16:58:58',''),(327,17,'Anti Cardiolipin Antibody (IgA)','',8000,'','U/ml','2016-08-08 19:36:13','Negative < 12 . Equivocal 12-18 .Positive > 18'),(328,17,'Anti B2 glycoprotein Antibody (IgA)','',9000,'','U/ml','2016-08-08 19:37:28','Negative < 12 . Equivocal 12-18 .Positive > 18'),(329,73,'GSE','',3000,'','','2016-09-29 15:40:48',''),(330,73,'Fecal Occult Blood','',5000,'','','2016-09-29 15:41:22',''),(331,72,'Stool Culture','',10000,'','','2016-10-10 15:32:18',''),(332,74,'Fasciola hepatica IgG','',20000,'','Index','2016-10-15 18:14:34','< 10'),(333,29,'HAV IgM','',7000,'','','2016-10-17 15:35:07',''),(334,73,'Calprotectin Titer ( by Elisa )','',20000,'','µg/g','2016-11-12 15:34:26','< 50'),(337,75,'Calcium oxalate (Whewellite)','',5000,'','%','2017-02-15 14:39:17',''),(338,75,'Calcium hydrogen phosphate (Brushite)','',5000,'','%','2017-02-15 14:39:36',''),(339,75,'Uric Acid','',5000,'','%','2017-02-15 14:40:03',''),(340,75,'Ammonium Urate','',5000,'','%','2017-02-15 14:42:00',''),(341,75,'Tri-Calcium phosphate (Apatite)','',5000,'','%','2017-02-15 14:42:28',''),(342,75,'Magnesium ammonium phosphate (Struvite)','',0,'','%','2017-02-15 14:42:54',''),(343,75,'Cystin','',0,'','%','2017-02-15 14:43:24',''),(346,78,'General Stool Examination','',3000,'','','2017-02-15 14:54:06',''),(347,78,'Fecal H. pylori Ag.','',10000,'','','2017-02-15 14:56:03',''),(348,78,'Fecal Calprotectin','',10000,'','','2017-02-15 15:00:32',''),(349,78,'Fecal Calprotectin','',15000,'','','2017-02-15 15:05:53',''),(350,78,'Fecal Calprotectin Titer (Elisa)','',15000,'','µg/g','2017-02-15 15:40:41','< 50'),(351,46,'Direct Coombs Test','',10000,'','','2017-03-08 14:43:46',''),(352,79,'ECG','',5000,'','','2017-03-08 15:14:30',''),(353,46,'G6PD','',15000,'','','2017-03-13 15:04:29',''),(354,29,'Anti HBs Ab.','',6000,'','','2017-03-15 14:54:15',''),(355,9,'ds DNA NCX','',15000,'','AU/mL','2017-04-02 15:36:47','< 20'),(356,9,'Centromere','',10000,'','AU/mL','2017-04-03 18:53:10','< 12'),(357,9,'RNP','',10000,'','','2017-04-03 18:53:35',''),(358,80,'Centromeres','',5000,'','AU/ml','2017-04-06 14:01:04','0 - 12'),(359,80,'Jo-1','',5000,'','AU/ml','2017-04-06 14:16:01','0 - 12'),(360,80,'Scl-70','',5000,'','AU/ml','2017-04-06 14:16:37','0 - 12'),(361,80,'SSA (Anti Ro)','',5000,'','AU/ml','2017-04-06 14:17:37','0 - 12'),(362,80,'SSB (Anti La)','',5000,'','AU/ml','2017-04-06 14:18:17','0 - 12'),(363,80,'SM (Anti Smith)','',5000,'','AU/ml','2017-04-06 14:19:18','0 - 12'),(364,80,'RNP','',5000,'','AU/ml','2017-04-06 14:20:02','0 - 12'),(365,80,'Ribosomal P Proteins','',5000,'','AU/ml','2017-04-06 14:21:17','0 - 12'),(366,80,'Histones','',5000,'','AU/ml','2017-04-06 14:23:15','0 - 12'),(367,80,'Anti dsDNA Ab','',5000,'','AU/ml','2017-04-06 14:24:30','0 - 20'),(368,72,'Swab Culture','',10000,'','','2017-06-20 18:26:25',''),(369,67,'Thyroglobulin','',15000,'','ng/ml','2017-07-02 19:15:23','3.5 - 77'),(370,46,'Indirect Coombs Test','',15000,'','','2017-07-10 17:04:54',''),(371,67,'Anti TSH Receptor Ab.','',20000,'','IU/L','2017-07-24 16:51:21','0 - 1.75'),(372,79,'Clinic','',5000,'','','2017-07-24 17:51:53',''),(373,46,'Fibrinogen (Plasma)','',20000,'','mg/dl','2017-07-24 19:46:23','150 - 400'),(374,13,'Anti Smooth Muscle Ab.','',25000,'','','2017-08-01 16:21:41',''),(375,81,'Food Allergy Tests	','',35000,'','','2017-11-25 14:18:38',''),(376,44,'Malaria Test','',10000,'','','2017-12-31 18:32:35',''),(377,82,'Sodium','',4000,'','mEq/24hr','2018-02-18 17:28:31','100 - 260'),(378,82,'Potassium','',4000,'','mEq/24hr','2018-02-18 17:30:07','25-100'),(380,82,'Chloride','',4000,'','mEq/24hr','2018-02-18 17:39:18','80-250'),(381,83,'HBV','',60000,'','copies/ml','2018-03-15 19:31:34','0'),(382,83,'HCV','',60000,'','copies/ml','2018-03-15 19:32:05','0'),(383,83,'HLA-B27','',70000,'','','2018-03-15 19:32:38','Negative'),(384,83,'HSV','',85000,'','','2018-04-05 16:14:13',''),(385,83,'CMV','',85000,'','','2018-04-05 16:14:29',''),(386,30,'HEV','',10000,'','','2018-04-05 16:14:56',''),(387,29,'HEV','',10000,'','','2018-04-05 16:15:14',''),(388,46,'Factor V Level','',50000,'','%','2018-04-29 19:27:31','70 - 120'),(389,66,'Anti HBc Total','',10000,'','Index','2018-05-07 18:32:21','0 - 1.0'),(390,66,'Anti HBc IgM','',10000,'','Index','2018-05-07 18:34:12','0 - 1.0'),(391,83,'HDV','',65000,'','','2018-07-12 15:15:11',''),(392,83,'HBV & HDV','',100000,'','','2018-07-12 15:15:36',''),(393,85,'Cortisol (Morning)','',10000,'','nmol/L','2018-07-16 20:32:12','171 - 536'),(394,85,'Cortisol (30min after injection 250µg Synacthen)','',10000,'','nmol/L','2018-07-16 20:33:19','171 - 536'),(395,85,'Cortisol (60min after injection 250µg Synacthen)','',10000,'','nmol/L','2018-07-16 20:34:19','171 - 536'),(396,85,'ACTH (Morning)','',10000,'','pg/ml','2018-07-16 20:34:52','7.2 - 63.6	'),(397,85,'ACTH (30min after injection 250µg Synacthen)','',10000,'','pg/ml','2018-07-16 20:35:19','7.2 - 63.6'),(398,85,'ACTH (60min after injection 250µg Synacthen)','',10000,'','pg/ml','2018-07-16 20:35:38','7.2 - 63.6'),(399,25,'Globulin','',5000,'','g/dl','2018-07-17 18:43:06','2.0 - 3.5'),(400,11,'24hr Urine Cortisol','',15000,'','nmol/24hr','2018-08-13 16:27:43','100 - 379'),(401,25,'Albumin to Globulin Ratio','',0,'','','2018-08-13 16:45:10','0.8 - 2.0'),(402,81,'Respiratory Allergy Tests','',35000,'','','2018-08-27 19:19:13',''),(403,24,'Gamma GT','',5000,'','IU/L','2018-09-25 14:52:19','10 - 71'),(404,86,'Urine Protein Electrophoresis','',30000,'','','2018-11-05 15:15:35',''),(405,84,'Serum Protein Electrophoresis','',35000,'','','2018-11-05 15:17:08',''),(406,83,'HLA-B51','',90000,'','','2018-11-14 17:00:34',''),(407,36,'Transferrin Saturaion','',10000,'','%','2018-12-19 19:02:33','Males 15 - 50\r\nFemales 12 - 45'),(408,13,'SLA','',25000,'','','2018-12-19 19:04:33',''),(409,83,'HCV Genotype','',90000,'','','2018-12-23 15:25:47',''),(410,46,'Homocysteine','',25000,'','µmol/L','2019-01-03 18:57:04','5-12'),(411,46,'G6PD level','',15000,'','u/ghb','2019-01-23 17:30:36','4.6 - 13.5'),(412,54,'Anti HBc IgM','',0,'','','2019-01-26 14:42:37',''),(415,60,'Vanillylmandlic Acid (VMA)','',30000,'','mg/24h','2019-02-17 15:51:36','Adult ( 1-11)\r\nChildren [(0.10-0.18)/Kg body weight] /24h'),(417,11,'Renin','',25000,'','ng/ml.hr','2019-03-16 15:21:12','0.06 - 4.69'),(418,73,'Immunochemical FOB','',15000,'','','2019-03-23 16:57:07',''),(419,83,'HLA-DQ2 & DQ8','',110000,'','','2019-03-30 18:21:37',''),(420,83,'Jak 2','',100000,'','','2019-04-27 18:11:01',''),(421,11,'HGH (30 min after 0.2mg clonidine)','',10000,'','ng/ml','2019-05-14 17:05:59','> 5.0 Rise from baseline'),(422,11,'HGH (60 min after 0.2mg clonidine)','',10000,'','ng/ml','2019-05-14 17:08:16','> 5.0 Rise from baseline'),(423,9,'HGH (90 min after 0.2mg clonidine)','',10000,'','ng/ml','2019-05-14 17:08:56','> 5.0 Rise from baseline'),(424,9,'Rheumatoid Factor IgA','',8000,'','AU/ml','2019-07-02 18:10:28','Negative: < 12, Equivocal: 12-18, Positive: > 18'),(425,33,'IgG 4','',50000,'','mg/dl','2019-07-13 19:25:00','39 - 864'),(426,83,'HLA-B52','',90000,'','','2019-08-29 14:43:30',''),(427,71,'Anti GAD Ab','',30000,'','U/L','2019-08-29 17:36:21','< 10'),(428,46,'HbH','',20000,'','','2019-09-10 20:30:45',''),(429,73,'Clostridium difficile GDH  +  Clostridium difficile Toxin A   +   Clostridium difficile Toxin B','',15000,'','','2019-09-16 19:30:27',''),(430,83,'TB','',110000,'','','2019-10-29 16:06:38',''),(431,11,'Erythropoietin','',45000,'','mIU','2019-11-20 17:30:05','3.22_31.9'),(432,87,'IGRA for TB','',90000,'','IU/ml','2019-11-20 19:49:41','Negative < 0.35 / Positive > 0.35'),(433,88,'Metanephrine (Plasma)','',25000,'','pg/ml','2020-01-08 16:43:32','< 90'),(434,88,'Nor-Metanephrine (24 hr. Urine)','',25000,'','µg/24 hr.','2020-01-08 16:45:31','< 600'),(435,88,'Metanephrine (24 hr. Urine)','',30000,'','µg/24 hr.','2020-01-08 16:50:44','< 350'),(436,88,'Cortisol (24 hr. Urine)','',10000,'','nmol/24 hr','2020-01-08 16:54:54','100 - 379'),(437,89,'HGH (0)','',10000,'','ng/ml','2020-06-07 16:23:51','Up to 10'),(438,89,'HGH (1)','',10000,'','ng/ml','2020-06-07 16:24:37','Up to 10'),(439,89,'HGH (2)','',10000,'','ng/ml','2020-06-07 16:25:42','Up to 10'),(440,89,'HGH (3)','',10000,'','ng/ml','2020-06-07 16:26:05','Up to 10'),(441,89,'HGH (4)','',10000,'','ng/ml','2020-06-07 16:26:39','Up to 10'),(442,89,'HGH (5)','',10000,'','ng/ml','2020-06-07 16:27:23','Up to 10'),(443,89,'Cortisol (0)','',0,'','nmol/L','2020-06-07 16:29:25','171 - 536'),(444,89,'Cortisol (1)','',0,'','nmol/L','2020-06-07 16:32:12','171 - 536'),(445,89,'Cortisol (2)','',0,'','nmol/L','2020-06-07 16:32:40','171 - 536'),(446,90,'WBC','',3000,'','Cells/C.mm','2020-06-17 16:40:20',''),(447,90,'RBC','',3000,'','Cells/C.mm','2020-06-17 16:44:48',''),(448,90,'Sugar','',3000,'','mg/dl','2020-06-17 16:45:32','60-120'),(449,90,'protein','',3000,'','g/dl','2020-06-17 16:46:16','6.0-8.0'),(450,90,'Culture','',3000,'','','2020-06-17 16:47:35',''),(451,9,'Anti topoisomerase Ab','',10000,'','AU/ML','2020-07-15 15:22:15','<12'),(452,66,'HAV IgM','',10000,'','mIU/ML','2020-07-20 17:40:14','Negative < 0.8 / Equivocal 0.8-1.2 / Positive >1.2 ');
/*!40000 ALTER TABLE `test` ENABLE KEYS */;
UNLOCK TABLES;

--
-- Table structure for table `user`
--

DROP TABLE IF EXISTS `user`;
/*!40101 SET @saved_cs_client     = @@character_set_client */;
/*!50503 SET character_set_client = utf8mb4 */;
CREATE TABLE `user` (
  `id` int NOT NULL AUTO_INCREMENT,
  `name` varchar(200) CHARACTER SET utf8 COLLATE utf8_bin NOT NULL,
  `id_permission` int NOT NULL,
  `phone` varchar(50) CHARACTER SET utf8 COLLATE utf8_bin DEFAULT NULL,
  `username` varchar(200) CHARACTER SET utf8 COLLATE utf8_bin NOT NULL,
  `password` varchar(200) CHARACTER SET utf8 COLLATE utf8_bin NOT NULL,
  `register_date` date DEFAULT NULL,
  `image_url` varchar(200) CHARACTER SET utf8 COLLATE utf8_bin DEFAULT NULL,
  PRIMARY KEY (`id`)
) ENGINE=InnoDB AUTO_INCREMENT=8 DEFAULT CHARSET=utf8 COLLATE=utf8_bin;
/*!40101 SET character_set_client = @saved_cs_client */;

--
-- Dumping data for table `user`
--

LOCK TABLES `user` WRITE;
/*!40000 ALTER TABLE `user` DISABLE KEYS */;
INSERT INTO `user` VALUES (1,'diako',1,'07505149171','syronz','743c39a39e9b65e2e17c7368f663eadc','2014-05-27',NULL),(2,'a',1,'07505149171','a','f49851b4ba89f7aba33ddaf5bb83b2aa','2014-06-05',NULL),(5,'cash',1,'00','cash','54506cf5935077c12ae5086901fde66b','2016-01-31',NULL),(6,'cash',1,'00','cash','54506cf5935077c12ae5086901fde66b','2016-01-31',NULL),(7,'hnlab',1,'00','hnlab','0d1a37a7588a9b53cc96f15e1988ed9b','2016-01-31',NULL);
/*!40000 ALTER TABLE `user` ENABLE KEYS */;
UNLOCK TABLES;

--
-- Table structure for table `user_activity`
--

DROP TABLE IF EXISTS `user_activity`;
/*!40101 SET @saved_cs_client     = @@character_set_client */;
/*!50503 SET character_set_client = utf8mb4 */;
CREATE TABLE `user_activity` (
  `id` bigint NOT NULL AUTO_INCREMENT,
  `ip` varchar(50) CHARACTER SET utf8 COLLATE utf8_bin DEFAULT NULL,
  `id_user` int DEFAULT '0',
  `action` varchar(200) CHARACTER SET utf8 COLLATE utf8_bin DEFAULT NULL,
  `detail` varchar(200) CHARACTER SET utf8 COLLATE utf8_bin DEFAULT NULL,
  `date` datetime NOT NULL,
  PRIMARY KEY (`id`)
) ENGINE=InnoDB AUTO_INCREMENT=8 DEFAULT CHARSET=utf8 COLLATE=utf8_bin;
/*!40101 SET character_set_client = @saved_cs_client */;

--
-- Dumping data for table `user_activity`
--

LOCK TABLES `user_activity` WRITE;
/*!40000 ALTER TABLE `user_activity` DISABLE KEYS */;
INSERT INTO `user_activity` VALUES (1,'127.0.0.1',NULL,'login to system','DATA : username = a ','2020-08-17 12:01:50'),(2,'127.0.0.1',2,'View exam Table',NULL,'2020-08-17 12:01:52'),(3,'127.0.0.1',2,'View fund\'s',NULL,'2020-08-17 12:01:53'),(4,'127.0.0.1',2,'View patient Table',NULL,'2020-08-17 12:01:54'),(5,'127.0.0.1',2,'View profile Table',NULL,'2020-08-17 12:01:55'),(6,'127.0.0.1',2,'View exam Table',NULL,'2020-08-17 12:02:06'),(7,'127.0.0.1',2,'View exam Table',NULL,'2020-08-17 12:02:11');
/*!40000 ALTER TABLE `user_activity` ENABLE KEYS */;
UNLOCK TABLES;
/*!40103 SET TIME_ZONE=@OLD_TIME_ZONE */;

/*!40101 SET SQL_MODE=@OLD_SQL_MODE */;
/*!40014 SET FOREIGN_KEY_CHECKS=@OLD_FOREIGN_KEY_CHECKS */;
/*!40014 SET UNIQUE_CHECKS=@OLD_UNIQUE_CHECKS */;
/*!40101 SET CHARACTER_SET_CLIENT=@OLD_CHARACTER_SET_CLIENT */;
/*!40101 SET CHARACTER_SET_RESULTS=@OLD_CHARACTER_SET_RESULTS */;
/*!40101 SET COLLATION_CONNECTION=@OLD_COLLATION_CONNECTION */;
/*!40111 SET SQL_NOTES=@OLD_SQL_NOTES */;

-- Dump completed on 2020-08-17 12:02:37
